timestamp,from,type,content,message_id,direction,is_read
1678886400,5511987654321,text,"Ol√°, gostaria de mais informa√ß√µes!",wamid.123,in,false
1678886520,5511987654321,text,"Claro! Em que posso ajudar? Esta √© uma resposta simulada.",wamid.456,out,true
1678887000,5521912345678,text,"Qual o hor√°rio de funcionamento?",wamid.789,in,false
1750701400,5511987654321,text,"teste",wamid.simulated.1750701400843,out,true
1750701422,5511987654321,text,"OK",wamid.simulated.1750701422076,out,true
1750701479,5521912345678,text,"das 9h as 18h",wamid.simulated.1750701479912,out,true
1750701542,5511987654321,text,"ok",wamid.simulated.1750701542643,out,true
1750703689,5511999991111,text,"qual o endere√ßo de voc√™s?",wamid.simulated.1750703689293,in,false
1750999995,5511987654321,text,"Ol√°! Bem-vindo(a) ao nosso atendimento. Como podemos te ajudar hoje? üòä",wamid.simulated.1750999995823,out,true
1751000001,5511987654321,text,"Nosso hor√°rio √© das 9h √†s 18h. O endere√ßo √© Rua das Flores, 123.",wamid.simulated.1751000001692,out,true
1751000018,5511999991111,text,"Nosso hor√°rio √© das 9h √†s 18h. O endere√ßo √© Rua das Flores, 123.",wamid.simulated.1751000018616,out,true
1751006365,5511987654321,text,"Ol√°! Bem-vindo(a) ao nosso atendimento. Como podemos te ajudar hoje? üòä",wamid.simulated.1751006365387,out,true
1751043236,5511999991111,text,"Nosso hor√°rio √© das 9h √†s 18h. O endere√ßo √© Rua das Flores, 123.",wamid.simulated.1751043236766,out,true
1751044464,5511987654321,text,"ü§£",wamid.simulated.1751044464970,out,true
1751044748,5521912345678,text,"üòÄ",wamid.simulated.1751044748303,out,true
1751044756,5521912345678,text,"üòá",wamid.simulated.1751044756797,out,true
1751044765,5521912345678,text,"Nosso hor√°rio √© das 9h √†s 18h. O endere√ßo √© Rua das Flores, 123.",wamid.simulated.1751044765329,out,true
1751046610,5511987654321,text,"üòá",wamid.simulated.1751046610339,out,true
1751046615,5511987654321,text,"Nosso hor√°rio √© das 9h √†s 18h. O endere√ßo √© Rua das Flores, 123.",wamid.simulated.1751046615751,out,true
1751046731,5511999991113,text,"ola",wamid.simulated.1751046731203,in,true
1751046731,5511999991113,text,"Desculpe, n√£o entendi sua pergunta. Um de nossos atendentes ir√° te ajudar em breve.",wamid.simulated.1751046731217,out,true
1751071246,5511999991113,text,"ola",wamid.simulated.1751071246901,in,false
1751071246,5511999991113,text,"Desculpe, n√£o entendi sua pergunta. Um de nossos atendentes ir√° te ajudar em breve.",wamid.simulated.1751071246913,out,true
1751071263,5511999991113,text,"Nosso hor√°rio √© das 9h √†s 18h. O endere√ßo √© Rua das Flores, 123.",wamid.simulated.1751071263271,out,true
1751074022,5521912345678,text,"Ol√°! Bem-vindo(a) ao nosso atendimento. Como podemos te ajudar hoje? üòä",wamid.simulated.1751074022047,out,true
1751074459,5521912345678,text,"ü§£",wamid.simulated.1751074459338,out,true
1751074466,5521912345678,text,"Nosso hor√°rio √© das 9h √†s 18h. O endere√ßo √© Rua das Flores, 123.",wamid.simulated.1751074466202,out,true
